CodDis	NomDis
1	MATAHUASI
2	NUEVO CHIMBOTE
3	IMPERIAL
4	SAN MIGUEL
5	CHILCA
6	MARANURA
7	MANCORA
8	NESHUYA
9	ICHOCAN
10	COLCABAMBA
11	JEBEROS
12	FLORIDA
13	TINYAHUARCO
14	CUSIPATA
15	PULAN
16	RICARDO PALMA
17	LA RAMADA
18	BARRANQUITA
19	LA FLORIDA
20	ALCAMENCA
21	PUTINA
22	MATUCANA
23	GUADALUPITO
24	HUAQUIRCA
25	TAUCA
26	SACANCHE
27	OXAMARCA
28	LONGAR
29	LAS PIRIAS
30	SAN FRANCISCO DE YESO
31	TAMBILLO
32	ACOPAMPA
33	VILQUE CHICO
34	SIMBAL
35	POMACANCHI
36	PAMPAS GRANDE
37	QUEROCOTO
38	GUZMANGO
39	QUILCA
40	TORIBIO CASANOVA
41	CURPAHUASI
42	CORTEGANA
43	MADEAN
44	ALTO SAPOSOA
45	TICACO
46	CHINCHIHUASI
47	PALLANCHACRA
48	QUINOCAY
49	INCLAN
50	HUAROS
51	HUACCHIS
52	VARGAS GUERRA
53	SANTO TOMAS DE PATA
54	PACAPAUSA
55	TICLLOS
56	CALLAO
57	LOS AQUIJES
58	SATIPO
59	LA ESPERANZA
60	SAN BORJA
61	LAREDO
62	OMATE
63	PARCOY
64	UCHUMAYO
65	CHOJATA
66	COLAN
67	BULDIBUYO
68	ANCHIHUAY
69	CHALLHUAHUACHO
70	COLQUIOC
71	RUMISAPA
72	NUEVO OCCORO
73	PITIPO
74	URCOS
75	BOLOGNESI
76	BERNAL
77	CAJARURO
78	QUELLOUNO
79	LAYO
80	MARIANO DAMASO BERAUN
81	SARHUA
82	HUASAHUASI
83	SAN MATEO
84	CHALLABAMBA
85	ACHOMA
86	ATAVILLOS BAJO
87	ASILLO
88	NUÑOA
89	OMIA
90	CARHUAPAMPA
91	ACCHA
92	ACZO
93	PACARAN
94	SECCLLA
95	CURGOS
96	UTICYACU
97	CHACAPAMPA
98	GREGORIO PITA
99	TINGO DE SAPOSOA
100	YANAHUAYA
101	LEVANTO
102	MAMARA
103	GRANADA
104	HUARAZ
105	SAN JUAN DE LURIGANCHO
106	SAN JUAN DE MIRAFLORES
107	SULLANA
108	YARINACOCHA
109	TAMBURCO
110	RIOJA
111	SAYAN
112	NIEVA
113	QUERECOTILLO
114	SALAS
115	SAN BARTOLO
116	CAJATAMBO
117	HUARMACA
118	CACHIMAYO
119	NUEVO IMPERIAL
120	ETEN PUERTO
121	HUANCANE
122	SALITRAL
123	TABALOSOS
124	TARATA
125	BUENOS AIRES
126	IÑAPARI
127	VITOC
128	AMANTANI
129	CATAHUASI
130	CHUSCHI
131	VALERA
132	RAHUAPAMPA
133	HUAMALI
134	SALPO
135	CAICAY
136	POROTO
137	SAN LORENZO
138	SANTA CATALINA
139	CAMINACA
140	SAMA
141	ORURILLO
142	SANTA ISABEL DE SIGUAS
143	LLAUTA
144	ONGON
145	YAMON
146	KELLUYO
147	CHACABAMBA
148	CARHUACALLANGA
149	SAN MIGUEL DE CORPANQUI
150	URPAY
151	POSIC
152	SUSAPAYA
153	HUANUHUANU
154	AZANGARO
155	PUCUSANA
156	CHIMBOTE
157	CORRALES
158	SAMUEL PASTOR
159	PARAMONGA
160	SUPE
161	ETEN
162	HUANCAN
163	OROPESA
164	SABAINO
165	PICSI
166	SECHURA
167	PUQUIO
168	HUANTA
169	PICHARI
170	AYABACA
171	CHINCHAO
172	CHINCHEROS
173	PATIVILCA
174	CHILLIA
175	HUASO
176	VILCABAMBA
177	MAQUIA
178	HUACAYBAMBA
179	RECUAY
180	COATA
181	SAN SILVESTRE DE COCHAN
182	LURICOCHA
183	SANTA LEONOR
184	SAN BARTOLOME
185	CHUCUITO
186	FERNANDO LORES
187	NANCHOC
188	YAQUERANA
189	INCAHUASI
190	SAN MARCOS DE ROCCHAC
191	CORANI
192	JOSE SABOGAL
193	MARGOS
194	HUACHON
195	JANJAILLO
196	VISCHONGO
197	INGUILPATA
198	LLUMPA
199	ACAS
200	INCHUPALLA
201	HUASICANCHA
202	UÑON
203	RECTA
204	CARANIA
205	POMALCA
206	SURQUILLO
207	CHACLACAYO
208	SITACOCHA
209	SANTA ANA
210	LIMATAMBO
211	CHAUPIMARCA
212	LA HUACA
213	SAN GABAN
214	AWAJUN
215	SANTA
216	PION
217	NUEVA ARICA
218	SAN PEDRO DE LLOC
219	PACASMAYO
220	VISTA ALEGRE
221	CHULUCANAS
222	COMBAPATA
223	ANANEA
224	CONGAS
225	CHIRINOS
226	CHUPURO
227	CAYALTI
228	LA MERCED
229	ACOMAYO
230	VELILLE
231	LLACANORA
232	JOSE MARIA QUIMPER
233	CHONGOS ALTO
234	ACO
235	MORO
236	OCAÑA
237	PARCO
238	PEBAS
239	PACHANGARA
240	DESAGUADERO
241	JUSTO APU SAHUARAURA
242	ALTO BIAVO
243	CHAVIN
244	VILCANCHOS
245	ZURITE
246	SAN JUAN DE CHACÑA
247	QUILCAPUNCU
248	PADRE MARQUEZ
249	SANTIAGO DE PUPUJA
250	ALTO PICHIGUA
251	TISCO
252	CCAPI
253	PILCHACA
254	AJOYANI
255	CUYOCUYO
256	POMACOCHA
257	JIRCAN
258	LA PUNTA
259	PILLCO MARCA
260	VEINTISEIS DE OCTUBRE
261	LA JOYA
262	ANCON
263	TIGRE
264	CURIMANA
265	AYAHUANCO
266	SAN ANDRES DE CUTERVO
267	CHALA
268	LOMAS
269	CANOAS DE PUNTA SAL
270	JULI
271	ANGASMARCA
272	MARANGANI
273	HUACCANA
274	BUENA VISTA ALTA
275	MARA
276	MAÑAZO
277	YUNGUYO
278	UCO
279	OYOTUN
280	VIRU
281	SANDIA
282	EL PARCO
283	LA CRUZ
284	ANGUIA
285	PICHIRHUA
286	MARISCAL CACERES
287	CHUPAMARCA
288	BELEN
289	MANCOS
290	CORDOVA
291	HABANA
292	BAJO BIAVO
293	MOLLEBAMBA
294	LIMABAMBA
295	CABANILLAS
296	ABELARDO PARDO LEZAMETA
297	YURACYACU
298	LLAPA
299	VILCA
300	HUAYACUNDO ARMA
301	TUNAN MARCA
302	QUITO ARMA
303	ANDAYMARCA
304	LA LIBERTAD
305	SOLOCO
306	MARIAS
307	QUEHUE
308	HUACHUPAMPA
309	SANTIAGO DE TUNA
310	CACRA
311	AREQUIPA
312	VILLA EL SALVADOR
313	QUILMANA
314	SAN VICENTE DE CAÑETE
315	ANTA
316	YANATILE
317	SANTO TOMAS
318	OLLANTAYTAMBO
319	PALLASCA
320	LOS BAÑOS DEL INCA
321	VICE
322	CASA GRANDE
323	QUILAHUANI
324	TORATA
325	PANAO
326	SALAVERRY
327	PEDRO GALVEZ
328	PULLO
329	SARTIMBAMBA
330	AHUAC
331	CHINCHA BAJA
332	LUNAHUANA
333	LAS PIEDRAS
334	SANTA LUCIA
335	PAUCARTAMBO
336	CHIQUIAN
337	SAN JERONIMO DE TUNAN
338	ANDARAY
339	HUANZA
340	TICAPAMPA
341	YANQUE
342	HUANCAPI
343	LONYA GRANDE
344	COALAQUE
345	SINGA
346	SANTO DOMINGO DE LA CAPILLA
347	ATAURA
348	IZCUCHACA
349	SAN PEDRO DE PILLAO
350	COTAPARACO
351	CONAYCA
352	HUACACHI
353	SAN ANTONIO DE ANTAPARCO
354	CHARAT
355	TANTAMAYO
356	PUÑOS
357	CAMPANILLA
358	JACAS CHICO
359	LINCHA
360	PUSI
361	INAHUAYA
362	QUEQUEÑA
363	MATALAQUE
364	HEROES ALBARRACIN
365	LURIGANCHO
366	PUEBLO LIBRE
367	HUANCAYO
368	REQUE
369	PAUSA
370	LLOCLLAPAMPA
371	PUTUMAYO
372	MALA
373	AMOTAPE
374	LOS MOROCHUCOS
375	YUYAPICHIS
376	CHOROPAMPA
377	ULCUMAYO
378	NAMBALLE
379	SURCUBAMBA
380	ANTABAMBA
381	IRAZOLA
382	CHUQUIBAMBA
383	ORCOTUNA
384	SANTA ANA DE TUSI
385	CHILCAYMARCA
386	PACA
387	ONDORES
388	SONDORILLO
389	MARCAS
390	TICRAPO
391	LA TINGUIÑA
392	LARAMATE
393	TOCMOCHE
394	SANGARARA
395	SAN JUAN DEL ORO
396	ALFONSO UGARTE
397	MARCO
398	ALTO TAPICHE
399	CCORCA
400	POCSI
401	TAURIJA
402	SANAGORAN
403	HUARIBAMBA
404	CAIRANI
405	LA LIBERTAD DE PALLAN
406	GORGOR
407	COCHORCO
408	JIVIA
409	AGUA BLANCA
410	HUAYLLACAYAN
411	COLTA
412	MASIN
413	CUÑUMBUQUI
414	CORCULLA
415	CONDURIRI
416	SAN JUAN DE LOPECANCHA
417	ILAVE
418	OCOÑA
419	MAGDALENA DEL MAR
420	HUAYTARA
421	LA MOLINA
422	SAN SEBASTIAN
423	INAMBARI
424	CACHACHI
425	ZARUMILLA
426	AYAVIRI
427	PANGOA
428	PACANGA
429	TUMAN
430	SAN PEDRO DE CHUNAN
431	OTUZCO
432	CHACAS
433	PUCACACA
434	LA UNION
435	LARIA
436	OBAS
437	POCOLLAY
438	SURCO
439	SAPOSOA
440	HUANCASPATA
441	OCUVIRI
442	QUINUABAMBA
443	CASCA
444	CHUGUR
445	UMARI
446	SAN FERNANDO
447	SANTA BARBARA DE CARHUACAYAN
448	CHECRAS
449	SANTIAGO DE QUIRAHUARA
450	SAN FRANCISCO DE SANGAYAICO
451	HUAYLAS
452	CHIARA
453	EL ALGARROBAL
454	LABERINTO
455	LA JALCA
456	CHAGLLA
457	TINGO DE PONASA
458	VICCO
459	COSME
460	SANTIAGO DE LUCANAMARCA
461	SHAPAJA
462	MOLLEBAYA
463	TONGOD
464	SAN MIGUEL DE CHACCRAMPA
465	APARICIO POMARES
466	LARES
467	MARMOT
468	CAHUACHO
469	SONDOR
470	HUANOQUITE
471	SAN JUAN DE CUTERVO
472	CAPILLAS
473	CORONEL CASTAÑEDA
474	CHISQUILLA
475	CHILIQUIN
476	RAPAYAN
477	CAYARA
478	CARABAYLLO
479	CHALHUANCA
480	PUNO
481	SANTA ANITA
482	ANDAHUAYLAS
483	JUANJUI
484	URUBAMBA
485	MOLLENDO
486	TARAPOTO
487	PICOTA
488	OYON
489	PACARAOS
490	HUANCABAMBA
491	SAN ANTONIO DE CACHI
492	PAUCARBAMBA
493	ALTO LARAN
494	CAYARANI
495	PUNTA DE BOMBON
496	PINRA
497	PAROBAMBA
498	SAN BENITO
499	MANZANARES
500	CCATCA
501	PURUS
502	PAICO
503	PATAZ
504	CHIPURANA
505	CHAVIN DE PARIARCA
506	CODO DEL POZUZO
507	AYAVI
508	MICAELA BASTIDAS
509	IHUAYLLO
510	SANTO DOMINGO DE ANDA
511	RICRAN
512	HUAMBOS
513	ARENAL
514	CHURUBAMBA
515	MOHO
516	ROSA PANDURO
517	SAISA
518	JULCAMARCA
519	TUPAC AMARU
520	ROSASPATA
521	SANTILLANA
522	SALCAHUASI
523	PARATIA
524	CAMILACA
525	VIÑAC
526	HUAMBALPA
527	SAN JUAN DE SIGUAS
528	ORONCCOY
529	VITIS
530	CERRO COLORADO
531	TACNA
532	CHACHAPOYAS
533	SIMON BOLIVAR
534	MI PERU
535	SACHACA
536	UCHIZA
537	JESUS NAZARENO
538	AGUAS VERDES
539	ACRAQUIA
540	CAYLLOMA
541	SAMANCO
542	SAN NICOLAS
543	HUACHIS
544	SAN JOSE DE QUERO
545	CACATACHI
546	VILCAS HUAMAN
547	SAN MIGUEL DE EL FAIQUE
548	ACORA
549	MADRE DE DIOS
550	MARIANO NICOLAS VALCARCEL
551	SAN JACINTO
552	LAGUNAS
553	TAMBOBAMBA
554	CHAZUTA
555	MITO
556	LA BREA
557	LA YARADA LOS PALOS
558	LUCRE
559	ALONSO DE ALVARADO
560	PLATERIA
561	ENCAÑADA
562	CHIRIMOTO
563	CHUMPI
564	CUPI
565	CHINGALPO
566	TARACO
567	CALQUIS
568	CHIGUIRIP
569	MALVAS
570	MORONA
571	PICHIGUA
572	COSPAN
573	ALTO NANAY
574	CHALCOS
575	CANIS
576	CHETO
577	FITZCARRALD
578	CASCAPARA
579	TAPO
580	TURPAY
581	VENTANILLA
582	PERENE
583	CAJAMARQUILLA
584	AYACUCHO
585	LINCE
586	SANTA CRUZ DE COCACHACRA
587	HUARMEY
588	PACHACAMAC
589	TUCUME
590	OLMOS
591	MONZON
592	ANDAHUAYLILLAS
593	QUICHUAS
594	SAN JUAN DE JARPA
595	LOS ORGANOS
596	PARACAS
597	COMANDANTE NOEL
598	LANCONES
599	SUPE PUERTO
600	SAN MIGUEL DE MAYOCC
601	SORAS
602	CARUMAS
603	COPA
604	DANIEL ALOMIA ROBLES
605	CHAPARRA
606	SAN MATEO DE OTAO
607	COASA
608	ZEPITA
609	TURPO
610	POLOBAYA
611	TACABAMBA
612	GOYLLARISQUIZGA
613	CRUCERO
614	CHILETE
615	SANTO DOMINGO DE ACOBAMBA
616	RIPAN
617	OLLACHEA
618	HUACULLANI
619	SUCRE
620	CHIPAO
621	ACOS
622	LLUSCO
623	HUANCAS
624	CCARHUAYO
625	PONTO
626	TORO
627	MARIA
628	LLACLLIN
629	CONGALLA
630	LANGUI
631	COROSHA
632	QUIACA
633	TRITA
634	LARAOS
635	SAN FRANCISCO DE RAVACAYCO
636	EL ALTO
637	VILLA RICA
638	EL AGUSTINO
639	CHORRILLOS
640	RIMAC
641	ATE
642	CALLERIA
643	CHIVAY
644	CONCEPCION
645	TIABAYA
646	CATAC
647	CAMANA
648	LAMPA
649	AUCALLAMA
650	POMATA
651	PARURO
652	SAYAPULLO
653	LA ARENA
654	SANTA CRUZ DE CHUCA
655	CARMEN ALTO
656	SANTA ROSA DE SACCO
657	CHONGOS BAJO
658	TINCO
659	SARIN
660	NUEVE DE JULIO
661	ANDOAS
662	PACORA
663	ANCAHUASI
664	VICHAYAL
665	BALSAPUERTO
666	CANAYRE
667	SIHUAS
668	HEROINAS TOLEDO
669	PUNTA HERMOSA
670	CASTROVIRREYNA
671	LA CAPILLA
672	VIQUES
673	PROVIDENCIA
674	CAHUAC
675	HUANCARAYLLA
676	CHICHAS
677	TAHUANIA
678	SHUNTE
679	CHADIN
680	ROCCHACC
681	HUANIPACA
682	CALLAHUANCA
683	TUMAY HUARACA
684	ACOCHACA
685	MONTEVIDEO
686	SAN MIGUEL DE ACO
687	ACOPIA
688	CHACHAS
689	COLPAS
690	TRES UNIDOS
691	CATILLUC
692	COLCHA
693	COLCA
694	LUYA VIEJO
695	CHICLAYO
696	VILLA MARIA DEL TRIUNFO
697	SAN RAMON
698	HUAMBO
699	PUENTE PIEDRA
700	CASTILLA
701	CORONEL GREGORIO ALBARRACIN L.
702	SUYO
703	ALTO DE LA ALIANZA
704	NICOLAS DE PIEROLA
705	MOSOC LLACTA
706	CAÑARIS
707	SUBTANJALLA
708	JAZAN
709	ELIAS SOPLIN VARGAS
710	HONORIA
711	NUEVO PROGRESO
712	UPAHUACHO
713	HAQUIRA
714	ROSARIO
715	AQUIA
716	CANCHAQUE
717	SIVIA
718	CHURUJA
719	UNICACHI
720	HUAYNACOTAS
721	OCONGATE
722	HUACHAC
723	SANTA ROSA DE OCOPA
724	CARACOTO
725	YAVARI
726	SANTIAGO DE CHILCAS
727	LLAMELLIN
728	MOLINO
729	MARIA PARADO DE BELLIDO
730	MUQUIYAUYO
731	LA MORADA
732	SALAMANCA
733	CHONTALI
734	CORONGO
735	ACHAYA
736	HUANCHAY
737	OLLEROS
738	URARINAS
739	PISCOYACU
740	SANTO TORIBIO
741	JUAN GUERRA
742	TAPUC
743	VIRUNDO
744	SAN FRANCISCO DE ASIS
745	SAN PEDRO DE HUANCAYRE
746	PAMPAS CHICO
747	SAURAMA
748	MUÑANI
749	SAN JOSE DE USHUA
750	WANCHAQ
751	LOS OLIVOS
752	LA VICTORIA
753	CHURCAMPA
754	MARIANO MELGAR
755	LIRCAY
756	ALTO SELVA ALEGRE
757	JUMBILLA
758	KUNTURKANKI
759	ANDAGUA
760	ABANCAY
761	YANACANCHA
762	PUINAHUA
763	SAMEGUA
764	JESUS
765	PALLPATA
766	CASTILLO GRANDE
767	QUIRUVILCA
768	MOLLEPATA
769	ITE
770	YUNGAY
771	CHECACUPE
772	REQUENA
773	URACA
774	PAMPA HERMOSA
775	CHOCOPE
776	PUCYURA
777	OCOYO
778	SITABAMBA
779	ATUNCOLLA
780	YUNGAR
781	SARA SARA
782	FRIAS
783	SABANDIA
784	CASITAS
785	TOTORA
786	SOCOS
787	USQUIL
788	PARIAHUANCA
789	COPANI
790	ANDAJES
791	MONOBAMBA
792	POMAHUACA
793	SOCOTA
794	ONGOY
795	PACHIZA
796	CONIMA
797	CARAYBAMBA
798	MARCA
799	SAN JUAN DE ISCOS
800	CARABAMBA
801	AURAHUA
802	SAN ANTON
803	YAGUAS
804	PACHIA
805	TANTARA
806	QUISHUAR
807	COJATA
808	CHINCHO
809	LIMA
810	HUAYLLABAMBA
811	HUARAL
812	MORCOLLA
813	HUALMAY
814	HUAURA
815	PIMENTEL
816	CHICLA
817	PALCAZU
818	LAMBRAMA
819	HUEPETUHE
820	ORCOPAMPA
821	ACOBAMBILLA
822	PIAS
823	MIGUEL CHECA
824	SICAYA
825	PITUMARCA
826	ANDABAMBA
827	PADRE ABAD
828	NAVAN
829	COPALLIN
830	OCUMAL
831	COLASAY
832	SALCABAMBA
833	CHECCA
834	SAUSA
835	MANTA
836	LUCMA
837	CHOROS
838	QUIQUIJANA
839	SAQUENA
840	SAN PEDRO DE PALCO
841	LIMBANI
842	SAN JAVIER DE ALPABAMBA
843	COLONIA
844	LARAMARCA
845	POMACANCHA
846	CAPELO
847	SANTIAGO DE SURCO
848	CELENDIN
849	MORROPE
850	JULIACA
851	JAUJA
852	BELLA UNION
853	SAN JOSE DE LOURDES
854	VEGUETA
855	PUNCHANA
856	QUIVILLA
857	ALEXANDER VON HUMBOLDT
858	MOCHUMI
859	SANTA TERESA
860	CALETA DE CARQUIN
861	PACUCHA
862	TALAVERA
863	SHUPLUY
864	EL PRADO
865	MASMA CHICCHE
866	QUEROCOTILLO
867	COTABAMBAS
868	JENARO HERRERA
869	CHOCHOPE
870	PAUCARCOLLA
871	SAPILLICA
872	POZUZO
873	HUAMANGUILLA
874	SANTIAGO DE PISCHA
875	VILLA VIRGEN
876	SAUCE
877	MANUEL ANTONIO MESONES MURO
878	CUCHUMBAYA
879	QUEROPALCA
880	YAUYA
881	JOSE MANUEL QUIROZ
882	TAURIPAMPA
883	SAN SALVADOR DE QUIJE
884	PARANDAY
885	CHANCAYBAÑOS
886	LALAQUIZ
887	MIRACOSTA
888	LONGUITA
889	HUANGASCAR
890	PATAYPAMPA
891	SHANAO
892	HUAY HUAY
893	SANTIAGO DE TUCUMA
894	MACATE
895	CHILCAS
896	HUAYANA
897	ALIS
898	JORGE CHAVEZ
899	LACABAMBA
900	CHETILLA
901	VILLA KINTIARINA
902	CONDOROMA
903	JESUS MARIA
904	TARMA
905	HUANUCO
906	CUTERVO
907	SAN CRISTOBAL
908	NAUTA
909	MONTERO
910	SAN JERONIMO
911	PARINARI
912	OXAPAMPA
913	PAITA
914	TINGO
915	PICHACANI
916	FLORENCIA DE MORA
917	ACARI
918	YONAN
919	HUAMANCACA CHICO
920	MANSERICHE
921	OCOBAMBA
922	CHIGUATA
923	HUARIPAMPA
924	PUCARA
925	JEQUETEPEQUE
926	LIVITACA
927	JUAN ESPINOZA MEDRANO
928	QUINUA
929	LAMUD
930	COYLLURQUI
931	CANDARAVE
932	CAUJUL
933	HUASTA
934	SANTA CRUZ DE FLORES
935	PAMPAS DE HOSPITAL
936	PARAS
937	CHAPIMARCA
938	SAN BUENAVENTURA
939	MARISCAL CASTILLA
940	AGALLPAMPA
941	AYAPATA
942	TATE
943	MOLINOS
944	CONCHAMARCA
945	CAJAY
946	SAN PEDRO DE CAJAS
947	CHINCHAYPUJIO
948	SAN MIGUEL DE CAURI
949	YANAC
950	CUENCA
951	SAN JUAN
952	RANRACANCHA
953	QUERCO
954	LA PRIMAVERA
955	PACAIPAMPA
956	YAUYUCAN
957	LOCROJA
958	SAN ROQUE DE CUMBAZA
959	SAN PEDRO DE CHANA
960	ANDAMARCA
961	HUAYAN
962	HUATASANI
963	IRAY
964	VILAVILA
965	SOPLIN
966	SAN FCO DE ASIS DE YARUSYACAN
967	TUPE
968	SAN DAMIAN
969	CAJAMARCA
970	MOQUEGUA
971	JOSE LUIS BUSTAMANTE Y RIVERO
972	PALCA
973	CHINCHA ALTA
974	PISUQUIA
975	CABANILLA
976	ILABAYA
977	SAN LUIS DE SHUARO
978	HUACHOCOLPA
979	MADRIGAL
980	YANAOCA
981	HUATA
982	CANCHABAMBA
983	TAHUAMANU
984	CANCHAYLLO
985	ALTO INAMBARI
986	YORONGOS
987	SAN MIGUEL DE ACOS
988	SAN LORENZO DE QUINTI
989	VEINTISIETE DE NOVIEMBRE
990	KISHUARA
991	HUANTAR
992	ARMA
993	LAHUAYTAMBO
994	ATAQUERO
995	CHICCHE
996	CALAMARCA
997	SANTIAGO DE CHALLAS
998	SAN JUAN DE IRIS
999	UCHUMARCA
1000	PILLUANA
1001	SICCHEZ
1002	MOLLEPAMPA
1003	PISACOMA
1004	MANGAS
1005	SAN JUAN DE YANAC
1006	SANTIAGO DE PAUCARAY
1007	TIBILLO
1008	SONCHE
1009	INDEPENDENCIA
1010	ICA
1011	CUSCO
1012	HUACHO
1013	CAYNARACHI
1014	MATO
1015	CHANCAY
1016	YANAQUIHUA
1017	VICTOR LARCO HERRERA
1018	SOCABAYA
1019	CHANGUILLO
1020	CHOTA
1021	PAMPAS
1022	CURA MORI
1023	SAPALLANGA
1024	LUYANDO
1025	LLAMA
1026	EL CENEPA
1027	EL CARMEN
1028	DEAN VALDIVIA
1029	CURICACA
1030	YAMBRASBAMBA
1031	TARICA
1032	ANCO HUALLO
1033	ATICO
1034	CRISTO NOS VALGA
1035	ANCHONGA
1036	TUTI
1037	HUABAL
1038	TRES DE DICIEMBRE
1039	LARI
1040	HUACHOS
1041	YUCAY
1042	FIDEL OLIVAS ESCUDERO
1043	TORAYA
1044	SHUNQUI
1045	SOROCHUCO
1046	COYA
1047	CARHUANCA
1048	CULLHUAS
1049	SAN GREGORIO
1050	CARAPO
1051	SUMBILCA
1052	SHIPASBAMBA
1053	YANAS
1054	ITUATA
1055	HUAMANQUIQUIA
1056	TARUCACHI
1057	APONGO
1058	HUACRAPUQUIO
1059	AMBO
1060	LURIN
1061	COISHCO
1062	YURA
1063	EL PORVENIR
1064	HUAYOPATA
1065	ANDRES AVELINO CACERES D.
1066	CAPACMARCA
1067	CERRO AZUL
1068	LLUTA
1069	ANCO
1070	CALLALLI
1071	CARAVELI
1072	MAGDALENA
1073	JULCAN
1074	MAZAN
1075	RAZURI
1076	PAUCAR
1077	PACCHO
1078	CONCHUCOS
1079	EMILIO SAN MARTIN
1080	PASTAZA
1081	COLQUEMARCA
1082	CALAPUJA
1083	HUAYLLAY
1084	IHUARI
1085	CULEBRAS
1086	SUYCKUTAMBO
1087	CAPACHICA
1088	SINCOS
1089	HUACRACHUCO
1090	MATARA
1091	CHOCOS
1092	MARISCAL BENAVIDES
1093	ACOCRO
1094	SUITUCANCHA
1095	SAN JUAN DE SALINAS
1096	TINTAY
1097	PILPICHACA
1098	CAHUAPANAS
1099	INGENIO
1100	YACUS
1101	MUSGA
1102	PUTINZA
1103	SANTA CRUZ DE TOLED
1104	YUPAN
1105	LLAPO
1106	PUERTO INCA
1107	SAN JUAN BAUTISTA
1108	SAN ANTONIO
1109	TUMBES
1110	ASCOPE
1111	TINTA
1112	CHEPEN
1113	RIO GRANDE
1114	QUICHES
1115	ARAPA
1116	CHARACATO
1117	SAN PEDRO DE CORIS
1118	JAQUI
1119	HUANCARAY
1120	ICHUPAMPA
1121	MACHUPICCHU
1122	SANTO DOMINGO
1123	LLATA
1124	CHAMACA
1125	MARAS
1126	CALANA
1127	ACOLLA
1128	COLQUEPATA
1129	HUANCARAMA
1130	ALCA
1131	PACOBAMBA
1132	PAPAYAL
1133	BALSAS
1134	HUAROCONDO
1135	KAQUIABAMBA
1136	HUALLAGA
1137	JACAS GRANDE
1138	YANACA
1139	COCHAS
1140	PINTO RECODO
1141	CATACHE
1142	CHALAMARCA
1143	MOLINOPAMPA
1144	NIEPOS
1145	EL TALLAN
1146	PILLPINTO
1147	COCHAMARCA
1148	CHOCO
1149	SEXI
1150	SITAJARA
1151	PILCOMAYO
1152	HUANCAVELICA
1153	SICUANI
1154	CONSTITUCION
1155	YURIMAGUAS
1156	CAMANTI
1157	POROY
1158	CHONGOYAPE
1159	YAUTAN
1160	GROCIO PRADO
1161	CABANACONDE
1162	CASHAPAMPA
1163	CONTUMAZA
1164	TIPAN
1165	SAN JUAN DE LA VIRGEN
1166	COVIRIALI
1167	CHAMBARA
1168	SAN MARCOS
1169	PACCHA
1170	CUPISNIQUE
1171	CHUGAY
1172	PAMPAMARCA
1173	LANGA
1174	MARCABAL
1175	HUERTAS
1176	SAN CARLOS
1177	CHUQUIS
1178	CAMPOVERDE
1179	PACHACONAS
1180	SINSICAP
1181	TOMAS
1182	MAGDALENA DE CAO
1183	YURUA
1184	SAN PEDRO DE PUTINA PUNCU
1185	PHARA
1186	ARANCAY
1187	HUANDOVAL
1188	HUANCAPON
1189	COAYLLO
1190	SAYLA
1191	PATAMBUCO
1192	CUISPES
1193	MACHAGUAY
1194	CUTURAPI
1195	JAEN
1196	MIRAFLORES
1197	HUANCARQUI
1198	YANAHUARA
1199	ECHARATE
1200	BREÑA
1201	MOYOBAMBA
1202	SAN IGNACIO
1203	RAMON CASTILLA
1204	SANTA ROSA
1205	CASMA
1206	ASCENSION
1207	CHUPA
1208	SAN PABLO
1209	CARHUAMAYO
1210	AHUAYCHA
1211	TAMBO
1212	YAUCA
1213	PAMPACHIRI
1214	MORROPON
1215	ALLAUCA
1216	CHONTABAMBA
1217	PALPA
1218	YANAMA
1219	SANTA MARIA DE CHICMO
1220	LAMPIAN
1221	TICLACAYAN
1222	MATAPALO
1223	LAMAS
1224	HUANCANO
1225	SAN SALVADOR
1226	EL ORO
1227	COCAS
1228	HUAMPARA
1229	PUYUSCA
1230	CHINGAS
1231	POCOHUANCA
1232	ASUNCION
1233	ALBERTO LEVEAU
1234	COCHAMAL
1235	PARARCA
1236	SAÑAYCA
1237	HUAYO
1238	SAN ANTONIO DE CUSICANCHA
1239	ZUÑIGA
1240	LEONOR ORDOÑEZ
1241	ESTIQUE PAMPA
1242	SAN JOAQUIN
1243	IQUITOS
1244	SAN MARTIN DE PORRES
1245	LA PERLA
1246	SAN ISIDRO
1247	LLOCHEGUA
1248	POMABAMBA
1249	CATACAOS
1250	MAZAMARI
1251	JOSE LEONARDO ORTIZ
1252	APLAO
1253	RIO TAMBO
1254	FERREÑAFE
1255	MORALES
1256	SAN CLEMENTE
1257	OYOLO
1258	CHAO
1259	PACOCHA
1260	BOLIVAR
1261	TAMBO GRANDE
1262	HUALGAYOC
1263	MARCAVELICA
1264	QUICHUAY
1265	HUAYLILLAS
1266	PAZOS
1267	PAUCARA
1268	MASMA
1269	PAIMAS
1270	SANTA CRUZ
1271	SAN PEDRO DE HUACARPANA
1272	MARCONA
1273	QUEROBAMBA
1274	COLCAMAR
1275	LAJAS
1276	TIQUILLACA
1277	ACOS VINCHOS
1278	LONGOTEA
1279	JEPELACIO
1280	LUYA
1281	HUARO
1282	RAGASH
1283	HUARICOLCA
1284	LA MATANZA
1285	SAN JUAN DE TARUCANI
1286	IPARIA
1287	PROGRESO
1288	SACSAMARCA
1289	SHILLA
1290	PACCARITAMBO
1291	TAPAIRIHUA
1292	MACHE
1293	MARIATANA
1294	ROBLE
1295	HUANTAN
1296	CHARCANA
1297	ICHUÑA
1298	TAPACOCHA
1299	SORAYA
1300	AYO
1301	CALANGO
1302	TANTA
1303	HUANUARA
1304	ESTIQUE
1305	MANANTAY
1306	TRUJILLO
1307	BARRANCA
1308	SANCOS
1309	CONDEBAMBA
1310	BAGUA GRANDE
1311	SAN ANDRES
1312	SANTO DOMINGO DE LOS OLLEROS
1313	VINCHOS
1314	NUEVA REQUENA
1315	CALCA
1316	CASCAS
1317	SANGALLAYA
1318	SANTIAGO DE CHUCO
1319	APATA
1320	SAN AGUSTIN
1321	PARDO MIGUEL
1322	LOCUMBA
1323	HUANCAYA
1324	HUALHUAS
1325	CARHUAZ
1326	CANTA
1327	VIRACO
1328	SAN JOSE DE LOS MOLINOS
1329	HUARANCHAL
1330	CONILA
1331	MANU
1332	YAULI
1333	PIRA
1334	SIBAYO
1335	JOSE DOMINGO CHOQUEHUANCA
1336	PISAC
1337	PARARIN
1338	OCALLI
1339	CHALACO
1340	CHUNGUI
1341	LLIPA
1342	SORITOR
1343	PALCAMAYO
1344	MEJIA
1345	UNION AGUA BLANCA
1346	LUCANAS
1347	SAN FRANCISCO
1348	PICHOS
1349	TUMBADEN
1350	ARAHUAY
1351	TOTOS
1352	OMACHA
1353	INKAWASI
1354	CHILCAYOC
1355	CONDORMARCA
1356	UTCO
1357	SANTO DOMINGO DE CAPILLAS
1358	COCACHACRA
1359	PISCO
1360	NAPO
1361	PATAPO
1362	SAN JOSE
1363	PUEBLO NUEVO
1364	ACOBAMBA
1365	BARRANCO
1366	LAS AMAZONAS
1367	PAMPACOLCA
1368	MONSEFU
1369	ZORRITOS
1370	CABANA
1371	VITOR
1372	QUILCAS
1373	PUQUINA
1374	HUANDO
1375	JOSE GALVEZ
1376	HUACAR
1377	ANTAUTA
1378	PARIACOTO
1379	CONTAMANA
1380	CARMEN SALCEDO
1381	BELLAVISTA DE LA UNION
1382	RANRAHIRCA
1383	LEIMEBAMBA
1384	PACHACUTEC
1385	TABACONAS
1386	CANGALLO
1387	SICSIBAMBA
1388	LACHAQUI
1389	HUAYLLAN
1390	PANCAN
1391	SAN PEDRO DE CACHORA
1392	CORIS
1393	MIGUEL IGLESIAS
1394	LLIPATA
1395	CAPAYA
1396	CUJILLO
1397	ACOSTAMBO
1398	HUICUNGO
1399	PACLLON
1400	EL ESLABON
1401	TAMARINDO
1402	PACHAMARCA
1403	HUACLLAN
1404	PAUCAS
1405	OCORURO
1406	ATIQUIPA
1407	HUAYLLAPAMPA
1408	CHIMBAN
1409	LONYA CHICO
1410	COCABAMBA
1411	CHACAPALPA
1412	CHACCHO
1413	SAN PEDRO DE CHAULAN
1414	MIRGAS
1415	UCHURACCAY
1416	CURIBAYA
1417	SANTA ANA DE HUAYCAHUACHO
1418	HUAYRAPATA
1419	PAJARILLO
1420	LLAYLLA
1421	BELLAVISTA
1422	ASIA
1423	CURAHUASI
1424	PUERTO BERMUDEZ
1425	ISLAY
1426	GUADALUPE
1427	SAN LUIS
1428	MOTUPE
1429	LA BANDA DE SHILCAYO
1430	SAN HILARION
1431	CANARIA
1432	MOCHE
1433	CHUPACA
1434	ESPINAR
1435	HUARI
1436	TUPAC AMARU INCA
1437	QUIÑOTA
1438	TAYABAMBA
1439	CHUMUCH
1440	SANTA MARIA DEL MAR
1441	LA COIPA
1442	NAZCA
1443	LAS LOMAS
1444	MEGANTONI
1445	OCROS
1446	YANAHUANCA
1447	EL MANTARO
1448	HUANCARANI
1449	SAN JOSE DEL ALTO
1450	SAN PEDRO
1451	SAN FELIPE
1452	SAN MARTIN
1453	MARCAPATA
1454	PIMPINGOS
1455	JAMALCA
1456	TORRES CAUSANA
1457	MARCABAMBA
1458	YARUMAYO
1459	SANTIAGO DE CHOCORVOS
1460	KIMBIRI
1461	OTOCA
1462	TINTAY PUNCU
1463	SANTA CATALINA DE MOSSA
1464	MARCAPOMACOCHA
1465	SAN JUAN DE RONTOY
1466	COCHAPETI
1467	SEPAHUA
1468	MASISEA
1469	URANMARCA
1470	TARAY
1471	PISCOBAMBA
1472	COCHARCAS
1473	SAN PEDRO DE LARCAY
1474	CHAVIÑA
1475	QUISQUI
1476	TAPICHE
1477	ÑAHUIMPUQUIO
1478	SAN JUAN DE TANTARANCHE
1479	LA PECA
1480	COMAS
1481	PIURA
1482	AMARILIS
1483	PARCONA
1484	ILO
1485	MACUSANI
1486	PUNTA NEGRA
1487	SARAYACU
1488	YAURISQUE
1489	AYNA
1490	QUILLO
1491	BAGUA
1492	SAN JOSE DE SISA
1493	YAUYOS
1494	HUARIACA
1495	RIO NEGRO
1496	POLVORA
1497	SAN LUIS DE LUCMA
1498	SAN ANTONIO DE CHUCA
1499	OMAS
1500	HUALLANCA
1501	JANGAS
1502	SANTA EULALIA
1503	YURACMARCA
1504	PAMPAROMAS
1505	UBINAS
1506	SALLIQUE
1507	CALZADA
1508	LAMAY
1509	EL MILAGRO
1510	CALLAYUC
1511	PILCUYO
1512	AUCARA
1513	CONCHAN
1514	MACARI
1515	JILILI
1516	RONDOCAN
1517	CAJA
1518	HUIMBAYOC
1519	ZAPATERO
1520	SHAMBOYACU
1521	SAN ISIDRO DE MAINO
1522	ANRA
1523	TAURIA
1524	CAYNA
1525	LLALLI
1526	VIZCATAN DEL ENE
1527	TINICACHI
1528	TOMEPAMPA
1529	UMACHIRI
1530	TIRAPATA
1531	SINA
1532	ACCOMARCA
1533	OLLARAYA
1534	SAN ANDRES DE TUPICOCHA
1535	PEDRO VILCA APAZA
1536	EL TAMBO
1537	LAMBAYEQUE
1538	CCOCHACCASA
1539	IGNACIO ESCUDERO
1540	CHANCHAMAYO
1541	JAYANCA
1542	ARAMANGO
1543	SANTA MARIA DEL VALLE
1544	NUEVA CAJAMARCA
1545	LEONCIO PRADO
1546	HUASMIN
1547	COTAHUASI
1548	IMAZA
1549	CORACORA
1550	MUQUI
1551	NINACACA
1552	JUNIN
1553	DANIEL HERNANDEZ
1554	LA OROYA
1555	JOSE CRESPO Y CASTILLO
1556	SAMAN
1557	NEPEÑA
1558	LOBITOS
1559	MACA
1560	JOSE MARIA ARGUEDAS
1561	CHAVINILLO
1562	CAMPORREDONDO
1563	NAMORA
1564	YAUCA DEL ROSARIO
1565	CAJACAY
1566	CHAVIN DE HUANTAR
1567	POTONI
1568	PUCAYACU
1569	SAN PABLO DE PILLAO
1570	CUSCA
1571	SAN BERNARDINO
1572	YUNGA
1573	TILALI
1574	AMASHCA
1575	PUCACOLPA
1576	SUCCHA
1577	BAÑOS
1578	LLOQUE
1579	QUECHUALLA
1580	QUINISTAQUILLAS
1581	ANAPIA
1582	HUACASCHUQUE
1583	HUAMATAMBO
1584	HONGOS
1585	HUALLA
1586	TAMBOPATA
1587	SANTIAGO
1588	CAJABAMBA
1589	TROMPETEROS
1590	CAYMA
1591	CARAZ
1592	JACOBO HUNTER
1593	CIUDAD NUEVA
1594	HUAMACHUCO
1595	MAJES
1596	HUANCHACO
1597	BAMBAMARCA
1598	YARABAMBA
1599	SAÑA
1600	PUCALA
1601	SANTA ROSA DE QUIVES
1602	PARIÑAS
1603	HUARANGO
1604	HUAYUCACHI
1605	MOYA
1606	SAMUGARI
1607	HERMILIO VALDIZAN
1608	MANAS
1609	ANTIOQUIA
1610	PAIJAN
1611	CHACOCHE
1612	SUNAMPE
1613	HUANCA
1614	SAN FRANCISCO DE CAYRAN
1615	YANTALO
1616	PUYCA
1617	SAN JUAN DE BIGOTE
1618	CACERES DEL PERU
1619	COCHABAMBA
1620	OCUCAJE
1621	ATAVILLOS ALTO
1622	QUINCHES
1623	HUMAY
1624	MARCARA
1625	MOROCOCHA
1626	CHOLON
1627	SILLAPATA
1628	RONDOS
1629	LA PAMPA
1630	CHICAMA
1631	SAÑO
1632	PAPAPLAYA
1633	YAMANGO
1634	PUNCHAO
1635	SAN RAFAEL
1636	EDUARDO VILLANUEVA
1637	IGUAIN
1638	NINABAMBA
1639	MATACOTO
1640	LOS CHANKAS
1641	SAUCEPAMPA
1642	BAMBAS
1643	CHORAS
1644	EL CARMEN DE LA FRONTERA
1645	NICASIO
1646	CHACA
1647	SANTA CRUZ DE ANDAMARCA
1648	CARAMPOMA
1649	UCUNCHA
1650	QUINJALCA
1651	SAN PEDRO DE PILAS
1652	SANTIAGO DE ANCHUCAYA
1653	ELEAZAR GUZMAN BARRON
1654	SAN JUAN DE LICUPIS
1655	EN INVESTIGACIÓN
1656	TOCACHE
1657	PAUCARPATA
1658	SANTA MARIA
1659	ILLIMO
1660	CIENEGUILLA
1661	SAYLLA
1662	COPORAQUE
1663	QUICACHA
1664	PICHANAQUI
1665	VILQUE
1666	RIO SANTIAGO
1667	ACORIA
1668	CACHICADAN
1669	INDIANA
1670	EL INGENIO
1671	TAPAY
1672	SANTIAGO DE CAO
1673	IBERIA
1674	ANDARAPA
1675	HUAROCHIRI
1676	CHUQUIBAMBILLA
1677	CHINCHERO
1678	TENIENTE CESAR LOPEZ ROJAS
1679	TENIENTE MANUEL CLAVERO
1680	PACHAS
1681	AIJA
1682	HUAMANTANGA
1683	TAMBO DE MORA
1684	CHACAYAN
1685	PACAYCASA
1686	TOURNAVISTA
1687	AMBAR
1688	CUMBA
1689	TANTARICA
1690	COTARUSE
1691	KOSÑIPATA
1692	CIRCA
1693	SAN JOSE DE TICLLAS
1694	LA CUESTA
1695	SHATOJA
1696	CURASCO
1697	SAN FRANCISCO DE DAGUAS
1698	USICAYOS
1699	CALLANMARCA
1700	ASQUIPATA
1701	HUAYLLAHUARA
1702	LUIS CARRANZA